Index,x_ground,y_ground,z_ground,max_height
1,1.9314138150818179,0.0,-0.1490971137708879,1.0852316332530023
2,3.8503032738052956,0.0,0.06690497967226246,1.3932026923519079
3,1.6068045095115404,0.0,0.09577310779360469,1.0251969691162623
